Ford,,,,,,
Make,Model,Manufacture,Transponder Key,STRATTEC,Notes,In stock?
[Buick],[Cascada],[2016–2019],[B120 (ID46 chip,STRATTEC 5933963)],,
[Buick],[Enclave],[2008–ongoing],[B120 (ID46 chip,STRATTEC 5933963)],,
[Buick],[Encore],[2013–2022],[B120 (ID46 chip,STRATTEC 5933963)],,
[Buick],[Encore GX],[2020–ongoing],[B120 (ID46 chip,STRATTEC 5933963)],,
[Buick],[Envision],[2016–ongoing],[B120 (ID46 chip,STRATTEC 5933963)],,
[Buick],[LeSabre],[1992–1999],[B89 (non-transponder)],,,
[Buick],[LeSabre],[2000–2005],[B111-PT (Circle+ chip,BRK)],,
[Buick],[Lucerne],[2006–2011],[B111-PT (Circle+ chip,BRK)],,
[Buick],[Park Avenue],[1991–1996],[B89 (non-transponder)],,,
[Buick],[Park Avenue],[1997–2005],[B111-PT (Circle+ chip,BRK)],,
[Buick],[Regal],[1997–2004],[B89 (non-transponder)],,,
[Buick],[Regal],[2005–2020],[B111-PT (Circle+ chip,BRK)],,
[Buick],[Verano],[2012–2017],[B120 (ID46 chip,STRATTEC 5933963)],,
[Cadillac],[ATS],[2013–2019],[B120 (ID46 chip,STRATTEC 5933963)],,
[Cadillac],[CT4],[2020–ongoing],[B120 (ID46 chip,STRATTEC 5933963)],,
[Cadillac],[CT5],[2020–ongoing],[B120 (ID46 chip,STRATTEC 5933963)],,
[Cadillac],[CTS],[2003–2007],[B112-PT (PK3+ chip,ILCO)],,
[Cadillac],[CTS],[2008–2019],[B111-PT (Circle+ chip,BRK)],,
[Cadillac],[DeVille],[1994–1999],[B89 (non-transponder)],,,
[Cadillac],[DeVille],[2000–2005],[B111-PT (Circle+ chip,BRK)],,
[Cadillac],[Escalade],[1999–2006],[B89 (non-transponder)],,,
[Cadillac],[Escalade],[2007–ongoing],[B120 (ID46 chip,STRATTEC 5933963)],,
[Cadillac],[Lyriq],[2023–ongoing],[Proximity fob (no traditional transponder)],,,
[Cadillac],[SRX],[2004–2009],[B111-PT (Circle+ chip,BRK)],,
[Cadillac],[SRX],[2010–2016],[B120 (ID46 chip,STRATTEC 5933963)],,
[Cadillac],[XT4],[2019–ongoing],[B120 (ID46 chip,STRATTEC 5933963)],,
[Cadillac],[XT5],[2017–ongoing],[B120 (ID46 chip,STRATTEC 5933963)],,
[Cadillac],[XT6],[2020–ongoing],[B120 (ID46 chip,STRATTEC 5933963)],,
[Chevrolet],[Avalanche],[2002–2006],[B89 (non-transponder)],,,
[Chevrolet],[Avalanche],[2007–2013],[B111-PT (Circle+ chip,BRK)],,
[Chevrolet],[Blazer],[1995–2005],[B89 (non-transponder)],,,
[Chevrolet],[Blazer],[2019–ongoing],[B120 (ID46 chip,STRATTEC 5933963)],,
[Chevrolet],[Bolt EV],[2017–2023],[B120 (ID46 chip,STRATTEC 5933963)],,
[Chevrolet],[Camaro],[1997–2002],[B89 (non-transponder)],,,
[Chevrolet],[Camaro],[2010–2024],[B120 (ID46 chip,STRATTEC 5933963)],,
[Chevrolet],[Cavalier],[1995–2005],[B89 (non-transponder)],,,
[Chevrolet],[Colorado],[2004–2012],[B110-PT (PK3+ chip,BRK)],,
[Chevrolet],[Colorado],[2015–ongoing],[B120 (ID46 chip,STRATTEC 5933963)],,
[Chevrolet],[Corvette],[1997–2004],[B89 (non-transponder)],,,
[Chevrolet],[Corvette],[2005–ongoing],[B111-PT (Circle+ chip,BRK)],,
[Chevrolet],[Cruze],[2011–2019],[B120 (ID46 chip,STRATTEC 5933963)],,
[Chevrolet],[Equinox],[2005–2006],[B89 (non-transponder)],,,
[Chevrolet],[Equinox],[2007–ongoing],[B120 (ID46 chip,STRATTEC 5933963)],,
[Chevrolet],[Express],[1996–2007],[B89 (non-transponder)],,,Silca ID47)]
[Chevrolet],[Express],[2008–ongoing],[B120 (ID46 chip,STRATTEC 5933963)],,
[Chevrolet],[HHR],[2006–2011],[B111-PT (Circle+ chip,BRK)],,
[Chevrolet],[Impala],[1994–1996],[B89 (non-transponder)],,,
[Chevrolet],[Impala],[2000–2005],[B111-PT (Circle+ chip,BRK)],,
[Chevrolet],[Impala],[2006–2016],[B111-PT (Circle+ chip,BRK)],,
[Chevrolet],[Impala],[2017–2020],[B120 (ID46 chip,STRATTEC 5933963)],,
[Chevrolet],[Malibu],[1997–2003],[B89 (non-transponder)],,,
[Chevrolet],[Malibu],[2004–ongoing],[B111-PT (Circle+ chip,BRK)],,
[Chevrolet],[Silverado],[1999–2006],[B89 (non-transponder)],,,
[Chevrolet],[Silverado],[2007–2014],[B111-PT/B120 (ID46 chip,STRATTEC 5933963)],,
[Chevrolet],[Silverado],[2015+],[B119-PT] Philips ID46 Extended Chip,STRATTEC,,
[Chevrolet],[Sonic],[2012–2020],[B120 (ID46 chip,STRATTEC 5933963)],,
[Chevrolet],[Spark],[2013–2021],[B120 (ID46 chip,STRATTEC 5933963)],,
[Chevrolet],[Suburban],[1995–2006],[B89 (non-transponder)],,,
[Chevrolet],[Suburban],[2007–ongoing],[B120 (ID46 chip,STRATTEC 5933963)],,
[Chevrolet],[Tahoe],[1995–2006],[B89 (non-transponder)],,,
[Chevrolet],[Tahoe],[2007–ongoing],[B120 (ID46 chip,STRATTEC 5933963)],,
[Chevrolet],[Traverse],[2009–ongoing],[B120 (ID46 chip,STRATTEC 5933963)],,
[Chevrolet],[Trax],[2015–ongoing],[B120 (ID46 chip,STRATTEC 5933963)],,
[Chrysler],[200],[2011–2014],[Y170-POD (ID46 chip,STRATTEC)],,
[Chrysler],[300],[2005–2023],[Y164/Y170-POD (ID46 chip,STRATTEC)],,
[Chrysler],[Aspen],[2007–2009],[Y164 (ID46 chip,STRATTEC)],,
[Chrysler],[Pacifica],[2004–2008],[Y164 (ID46 chip,STRATTEC)],,
[Chrysler],[Pacifica],[2017–ongoing],[Y170-POD (ID46 chip,STRATTEC)],,
[Chrysler],[Town & Country],[1996–2003],[Y159 (non-transponder)],,,
[Chrysler],[Town & Country],[2004–2016],[Y164/Y170-POD (ID46 chip,STRATTEC)],,
[Chrysler],[Voyager],[2000–2003],[Y159 (non-transponder)],,,
[Chrysler],[Voyager],[2020–ongoing],[Y170-POD (ID46 chip,STRATTEC)],,
[Dodge],[Avenger],[2008–2014],[Y164/Y170-POD (ID46 chip,STRATTEC)],,
[Dodge],[Caravan],[1996–2003],[Y159 (non-transponder)],,,
[Dodge],[Caravan],[2004–2020],[Y164/Y170-POD (ID46 chip,STRATTEC)],,
[Dodge],[Challenger],[2008–2023],[Y170-POD (ID46 chip,STRATTEC)],,
[Dodge],[Charger],[2006–2023],[Y164/Y170-POD (ID46 chip,STRATTEC)],,
[Dodge],[Dakota],[1997–2004],[Y159 (non-transponder)],,,
[Dodge],[Dakota],[2005–2011],[Y164 (ID46 chip,STRATTEC)],,
[Dodge],[Durango],[1998–2003],[Y159 (non-transponder)],,,
[Dodge],[Durango],[2004–ongoing],[Y164/Y170-POD (ID46 chip,STRATTEC)],,
[Dodge],[Hornet],[2023–ongoing],[Y170-POD (ID46 chip,STRATTEC)],,
[Dodge],[Journey],[2009–2020],[Y164/Y170-POD (ID46 chip,STRATTEC)],,
[Dodge],[Nitro],[2007–2012],[Y164 (ID46 chip,STRATTEC)],,
[Dodge],[Viper],[1992–2002],[Y159 (non-transponder)],,,
[Dodge],[Viper],[2003–2017],[Y164 (ID46 chip,STRATTEC)],,
[Ford],[Bronco],[2021–ongoing],[H128-PT/HU101 (128-bit chip,STRATTEC 5923293)],,
[Ford],[Edge],[2007–2014],[H84 (80-bit,4D63 chip,STRATTEC)],
[Ford],[Edge],[2015–ongoing],[H128-PT/HU101 (128-bit chip,STRATTEC 5923293)],,
[Ford],[Escape],[2001–2004],[H72 (4C chip,STRATTEC)],,
[Ford],[Escape],[2005–2012],[H84 (80-bit,4D63 chip,STRATTEC)],
[Ford],[Escape],[2013–ongoing],[H128-PT/HU101 (128-bit chip,STRATTEC 5923293)],,
[Ford],[Expedition],[1997–1998],[H67 (non-transponder)],,,
[Ford],[Expedition],[1999–2003],[H72 (4C chip,STRATTEC)],,
[Ford],[Expedition],[2004–2017],[H92 (80-bit,4D63 chip,STRATTEC)],
[Ford],[Expedition],[2018–ongoing],[H128-PT/HU101 (128-bit chip,STRATTEC 5923293)],,
[Ford],[Explorer],[1998–2003],[H72 (4C chip,STRATTEC)],,
[Ford],[Explorer],[2004–2015],[H92 (80-bit,4D63 chip,STRATTEC)],
[Ford],[Explorer],[2016–ongoing],[H128-PT/HU101 (128-bit chip,STRATTEC 5923293)],,
[Ford],[F-150],[1998–2003],[H72 (4C chip,STRATTEC)],,
[Ford],[F-150],[2004–2014],[H92 (80-bit,4D63 chip,STRATTEC)],
[Ford],[F-150],[2015–2020],[H128-PT/HU101 (128-bit chip,STRATTEC 5923293)],,
[Ford],[F-150],[2021–ongoing],[H128-PT/HU101 (128-bit chip,STRATTEC 5923293) or Proximity Key (128-bit HiTAG Pro,STRATTEC)],
[Ford],[Focus],[2000–2004],[H72 (4C chip,STRATTEC)],,
[Ford],[Focus],[2005–2011],[H84 (80-bit,4D63 chip,STRATTEC)],
[Ford],[Focus],[2012–2018],[H128-PT/HU101 (128-bit chip,STRATTEC 5923293)],,
[Ford],[Fusion],[2006–2012],[H84 (80-bit,4D63 chip,STRATTEC)],
[Ford],[Fusion],[2013–2020],[H128-PT/HU101 (128-bit chip,STRATTEC 5923293)],,
[Ford],[Maverick],[2022–ongoing],[H128-PT/HU101 (128-bit chip,STRATTEC 5923293)],,
[Ford],[Mustang],[1996–2003],[H72 (4C chip,STRATTEC)],,
[Ford],[Mustang],[2004–2014],[H84 (80-bit,4D63 chip,STRATTEC)],
[Ford],[Mustang],[2015–ongoing],[H128-PT/HU101 (128-bit chip,STRATTEC 5923293)],,
[Ford],[Ranger],[1998–2003],[H72 (4C chip,STRATTEC)],,
[Ford],[Ranger],[2004–2011],[H128-PT/HU101 (128-bit chip,STRATTEC 5923293)],,
[Ford],[Ranger],[2019–ongoing],[H128-PT/HU101 (128-bit chip,STRATTEC 5923293)],,
[GMC],[Acadia],[2007–ongoing],[B120 (ID46 chip,STRATTEC 5933963)],,
[GMC],[Canyon],[2004–2012],[B110-PT (PK3+ chip,BRK)],,
[GMC],[Canyon],[2015–ongoing],[B120 (ID46 chip,STRATTEC 5933963)],,
[GMC],[Hummer EV],[2022–ongoing],[B120 (ID46 chip,STRATTEC 5933963)],,
[GMC],[Savana],[1996–2007],[B89 (non-transponder)],,,
[GMC],[Savana],[2008–ongoing],[B120 (ID46 chip,STRATTEC 5933963)],,
[GMC],[Sierra],[1999–2006],[B89 (non-transponder)],,,
[GMC],[Sierra],[2007–ongoing],[B111-PT/B120 (ID46 chip,STRATTEC 5933963)],,
[GMC],[Terrain],[2010–ongoing],[B120 (ID46 chip,STRATTEC 5933963)],,
[GMC],[Yukon],[1992–2006],[B89 (non-transponder)],,,
[GMC],[Yukon],[2007–ongoing],[B120 (ID46 chip,STRATTEC 5933963)],,
[Jeep],[Cherokee],[1997–2001],[Y159 (non-transponder)],,,
[Jeep],[Cherokee],[2014–ongoing],[Y170-POD (ID46 chip,STRATTEC)],,
[Jeep],[Compass],[2007–ongoing],[Y164/Y170-POD (ID46 chip,STRATTEC)],,
[Jeep],[Gladiator],[2020–ongoing],[Y170-POD (ID46 chip,STRATTEC)],,
[Jeep],[Grand Cherokee],[1999–2004],[Y159 (non-transponder)],,,
[Jeep],[Grand Cherokee],[2005–ongoing],[Y164/Y170-POD (ID46 chip,STRATTEC)],,
[Jeep],[Liberty],[2002–2007],[Y159 (non-transponder)],,,
[Jeep],[Liberty],[2008–2012],[Y164 (ID46 chip,STRATTEC)],,
[Jeep],[Renegade],[2015–2023],[Y170-POD (ID46 chip,STRATTEC)],,
[Jeep],[Wagoneer],[2022–ongoing],[Y170-POD (ID46 chip,STRATTEC)],,
[Jeep],[Wrangler],[1997–2006],[Y159 (non-transponder)],,,
[Jeep],[Wrangler],[2007–ongoing],[Y164/Y170-POD (ID46 chip,STRATTEC)],,
[Lincoln],[Aviator],[2003–2005],[H84 (80-bit,4D63 chip,STRATTEC)],
[Lincoln],[Aviator],[2020–ongoing],[H128-PT/HU101 (128-bit chip,STRATTEC 5923293)],,
[Lincoln],[Corsair],[2020–ongoing],[H128-PT/HU101 (128-bit chip,STRATTEC 5923293)],,
[Lincoln],[MKZ],[2007–2012],[H84 (80-bit,4D63 chip,STRATTEC)],
[Lincoln],[MKZ],[2013–2020],[H128-PT/HU101 (128-bit chip,STRATTEC 5923293)],,
[Lincoln],[Nautilus],[2007–2014],[H84 (80-bit,4D63 chip,STRATTEC)],
[Lincoln],[Nautilus],[2015–ongoing],[H128-PT/HU101 (128-bit chip,STRATTEC 5923293)],,
[Lincoln],[Navigator],[1998–2003],[H72 (4C chip,STRATTEC)],,
[Lincoln],[Navigator],[2004–2017],[H92 (80-bit,4D63 chip,STRATTEC)],
[Lincoln],[Navigator],[2018–ongoing],[H128-PT/HU101 (128-bit chip,STRATTEC 5923293)],,
[Pontiac],[Aztek],[2001–2005],[B111-PT (Circle+ chip,BRK)],,
[Pontiac],[Bonneville],[1997–1999],[B89 (non-transponder)],,,
[Pontiac],[Bonneville],[2000–2005],[B111-PT (Circle+ chip,BRK)],,
[Pontiac],[Firebird],[1993–2002],[B89 (non-transponder)],,,
[Pontiac],[G5],[2007–2010],[B111-PT (Circle+ chip,BRK)],,
[Pontiac],[G6],[2005–2010],[B111-PT (Circle+ chip,BRK)],,
[Pontiac],[Grand Am],[1994–1998],[B89 (non-transponder)],,,
[Pontiac],[Grand Am],[1999–2005],[B111-PT (Circle+ chip,BRK)],,
[Pontiac],[Grand Prix],[1997–2003],[B89 (non-transponder)],,,
[Pontiac],[Grand Prix],[2004–2008],[B111-PT (Circle+ chip,BRK)],,
[Pontiac],[GTO],[2004–2006],[B111-PT (Circle+ chip,BRK)],,
[Pontiac],[Solstice],[2006–2009],[B111-PT (Circle+ chip,BRK)],,
[Pontiac],[Torrent],[2006–2009],[B111-PT (Circle+ chip,BRK)],,
[Pontiac],[Vibe],[2003–2008],[TOY44G-PT (Texas 4D chip,STRATTEC)],,
[Pontiac],[Vibe],[2009–2010],[TOY44H-PT (ID-H chip,STRATTEC)],,
[Ram],[1500],[1994–2001],[Y159 (non-transponder)],,,
[Ram],[1500],[2002–ongoing],[Y164/Y170-POD (ID46 chip,STRATTEC)],,
[Ram],[2500],[1994–2001],[Y159 (non-transponder)],,,
[Ram],[2500],[2002–ongoing],[Y164/Y170-POD (ID46 chip,STRATTEC)],,
[Ram],[3500],[1994–2001],[Y159 (non-transponder)],,,
[Ram],[3500],[2002–ongoing],[Y164/Y170-POD (ID46 chip,STRATTEC)],,
[Ram],[ProMaster],[2014–ongoing],[Y170-POD (ID46 chip,STRATTEC)],,
Asian,,,,,,
[Acura],[Integra],[2023–ongoing],[HO05-PT (ID47 chip,STRATTEC)],,
[Acura],[MDX],[2001–2006],[HD106-PT (Texas 4C chip,STRATTEC)],,
[Acura],[MDX],[2007–2013],[HO03-PT (ID46 chip,STRATTEC 692246)],,
[Acura],[MDX],[2014–2020],[HO05-PT (ID47 chip,STRATTEC)],,
[Acura],[MDX],[2022–ongoing],[HO05-PT (ID47 chip,STRATTEC)],,
[Acura],[RDX],[2007–2012],[HO03-PT (ID46 chip,STRATTEC 692246)],,
[Acura],[RDX],[2013–2018],[HO05-PT (ID47 chip,STRATTEC)],,
[Acura],[RDX],[2019–ongoing],[HO05-PT (ID47 chip,STRATTEC)],,
[Acura],[TLX],[2015–2020],[HO05-PT (ID47 chip,STRATTEC)],,
[Acura],[TLX],[2021–ongoing],[HO05-PT (ID47 chip,STRATTEC)],,
[Genesis],[G70],[2019–ongoing],[HY22-PT (ID47 chip,STRATTEC)],,
[Genesis],[G80],[2017–2020],[HY22-PT (ID47 chip,STRATTEC)],,
[Genesis],[G80],[2021–ongoing],[HY22-PT (ID47 chip,STRATTEC)],,
[Genesis],[G90],[2017–2022],[HY22-PT (ID47 chip,STRATTEC)],,
[Genesis],[G90],[2023–ongoing],[HY22-PT (ID47 chip,STRATTEC)],,
[Genesis],[GV60],[2023–ongoing],[Proximity fob (ID47 chip,no traditional transponder)],,
[Genesis],[GV70],[2022–ongoing],[HY22-PT (ID47 chip,STRATTEC)],,
[Genesis],[GV80],[2021–ongoing],[HY22-PT (ID47 chip,STRATTEC)],,
[Honda],[Accord],[1998–2002],[HD106-PT (Texas 4C chip,STRATTEC)],,
[Honda],[Accord],[2003–2007],[HO03-PT (ID46 chip,STRATTEC 692246)],,
[Honda],[Accord],[2008–2012],[HO03-PT (ID46 chip,STRATTEC 692246)],,
[Honda],[Accord],[2013–2017],[HO05-PT (ID47 chip,STRATTEC)],,
[Honda],[Accord],[2018–2022],[HO05-PT (ID47 chip,STRATTEC)],,
[Honda],[Accord],[2023–ongoing],[HO05-PT (ID47 chip,STRATTEC)],,
[Honda],[Civic],[1996–2000],[HD103 (non-transponder)],,,
[Honda],[Civic],[2001–2005],[HD106-PT (Texas 4C chip,STRATTEC)],,
[Honda],[Civic],[2006–2011],[HO03-PT (ID46 chip,STRATTEC 692246)],,
[Honda],[Civic],[2012–2015],[HO03-PT (ID46 chip,STRATTEC 692246)],,
[Honda],[Civic],[2016–2021],[HO05-PT (ID47 chip,STRATTEC)],,
[Honda],[Civic],[2022–ongoing],[HO05-PT (ID47 chip,STRATTEC)],,
[Honda],[CR-V],[1997–2001],[HD103 (non-transponder)],,,
[Honda],[CR-V],[2002–2006],[HD106-PT (Texas 4C chip,STRATTEC)],,
[Honda],[CR-V],[2007–2011],[HO03-PT (ID46 chip,STRATTEC 692246)],,
[Honda],[CR-V],[2012–2016],[HO03-PT (ID46 chip,STRATTEC 692246)],,
[Honda],[CR-V],[2017–2022],[HO05-PT (ID47 chip,STRATTEC)],,
[Honda],[CR-V],[2023–ongoing],[HO05-PT (ID47 chip,STRATTEC)],,
[Honda],[HR-V],[2016–2022],[HO05-PT (ID47 chip,STRATTEC)],,
[Honda],[HR-V],[2023–ongoing],[HO05-PT (ID47 chip,STRATTEC)],,
[Honda],[Odyssey],[1995–1998],[HD103 (non-transponder)],,,
[Honda],[Odyssey],[1999–2004],[HD106-PT (Texas 4C chip,STRATTEC)],,
[Honda],[Odyssey],[2005–2010],[HO03-PT (ID46 chip,STRATTEC 692246)],,
[Honda],[Odyssey],[2011–2017],[HO03-PT (ID46 chip,STRATTEC 692246)],,
[Honda],[Odyssey],[2018–ongoing],[HO05-PT (ID47 chip,STRATTEC)],,
[Honda],[Passport],[1994–2002],[HD103 (non-transponder)],,,
[Honda],[Passport],[2019–ongoing],[HO05-PT (ID47 chip,STRATTEC)],,
[Honda],[Pilot],[2003–2008],[HD106-PT (Texas 4C chip,STRATTEC)],,
[Honda],[Pilot],[2009–2015],[HO03-PT (ID46 chip,STRATTEC 692246)],,
[Honda],[Pilot],[2016–2022],[HO05-PT (ID47 chip,STRATTEC)],,
[Honda],[Pilot],[2023–ongoing],[HO05-PT (ID47 chip,STRATTEC)],,
[Honda],[Ridgeline],[2006–2014],[HO03-PT (ID46 chip,STRATTEC 692246)],,
[Honda],[Ridgeline],[2017–ongoing],[HO05-PT (ID47 chip,STRATTEC)],,
[Hyundai],[Elantra],[1996–2000],[HY15 (non-transponder)],,,
[Hyundai],[Elantra],[2001–2006],[HY18-PT (Texas 4C chip,STRATTEC)],,
[Hyundai],[Elantra],[2007–2010],[HY20-PT (ID46 chip,STRATTEC)],,
[Hyundai],[Elantra],[2011–2016],[HY22-PT (ID47 chip,STRATTEC)],,
[Hyundai],[Elantra],[2017–2020],[HY22-PT (ID47 chip,STRATTEC)],,
[Hyundai],[Elantra],[2021–ongoing],[HY22-PT (ID47 chip,STRATTEC)],,
[Hyundai],[Ioniq 5],[2022–ongoing],[Proximity fob (ID47 chip,no traditional transponder)],,
[Hyundai],[Ioniq 6],[2023–ongoing],[Proximity fob (ID47 chip,no traditional transponder)],,
[Hyundai],[Kona],[2018–2023],[HY22-PT (ID47 chip,STRATTEC)],,
[Hyundai],[Kona],[2024–ongoing],[HY22-PT (ID47 chip,STRATTEC)],,
[Hyundai],[Palisade],[2020–ongoing],[HY22-PT (ID47 chip,STRATTEC)],,
[Hyundai],[Santa Cruz],[2022–ongoing],[HY22-PT (ID47 chip,STRATTEC)],,
[Hyundai],[Santa Fe],[2001–2006],[HY18-PT (Texas 4C chip,STRATTEC)],,
[Hyundai],[Santa Fe],[2007–2012],[HY20-PT (ID46 chip,STRATTEC)],,
[Hyundai],[Santa Fe],[2013–2018],[HY22-PT (ID47 chip,STRATTEC)],,
[Hyundai],[Santa Fe],[2019–ongoing],[HY22-PT (ID47 chip,STRATTEC)],,
[Hyundai],[Sonata],[1995–1998],[HY15 (non-transponder)],,,
[Hyundai],[Sonata],[1999–2004],[HY18-PT (Texas 4C chip,STRATTEC)],,
[Hyundai],[Sonata],[2005–2010],[HY20-PT (ID46 chip,STRATTEC)],,
[Hyundai],[Sonata],[2011–2014],[HY22-PT (ID47 chip,STRATTEC)],,
[Hyundai],[Sonata],[2015–2019],[HY22-PT (ID47 chip,STRATTEC)],,
[Hyundai],[Sonata],[2020–ongoing],[HY22-PT (ID47 chip,STRATTEC)],,
[Hyundai],[Tucson],[2005–2009],[HY18-PT (Texas 4C chip,STRATTEC)],,
[Hyundai],[Tucson],[2010–2015],[HY20-PT (ID46 chip,STRATTEC)],,
[Hyundai],[Tucson],[2016–2021],[HY22-PT (ID47 chip,STRATTEC)],,
[Hyundai],[Tucson],[2022–ongoing],[HY22-PT (ID47 chip,STRATTEC)],,
[Hyundai],[Venue],[2020–ongoing],[HY22-PT (ID47 chip,STRATTEC)],,
[Infiniti],[Q50],[2014–ongoing],[NI04T (ID46 chip,STRATTEC)],,
[Infiniti],[QX50],[2019–ongoing],[NI04T (ID46 chip,STRATTEC)],,
[Infiniti],[QX55],[2022–ongoing],[NI04T (ID46 chip,STRATTEC)],,
[Infiniti],[QX60],[2014–2020],[NI04T (ID46 chip,STRATTEC)],,
[Infiniti],[QX60],[2022–ongoing],[NI04T (ID46 chip,STRATTEC)],,
[Infiniti],[QX80],[2011–2017],[NI04T (ID46 chip,STRATTEC)],,
[Infiniti],[QX80],[2018–ongoing],[NI04T (ID46 chip,STRATTEC)],,
[Isuzu],[Amigo],[1989–1994],[ISU-1 (non-transponder)],,,
[Isuzu],[Amigo],[1998–2000],[MZ31 (non-transponder)],,,
[Isuzu],[Ascender],[2003–2008],[B111-PT (Circle+ chip,BRK)],,
[Isuzu],[Axiom],[2002–2004],[MZ31 (Texas 4C chip,STRATTEC)],,
[Isuzu],[Hombre],[1996–2000],[S1098H (non-transponder)],,,
[Isuzu],[i-280],[2006],[B111-PT (Circle+ chip,BRK)],,
[Isuzu],[i-290],[2007–2008],[B111-PT (Circle+ chip,BRK)],,
[Isuzu],[i-350],[2006],[B111-PT (Circle+ chip,BRK)],,
[Isuzu],[i-370],[2007–2008],[B111-PT (Circle+ chip,BRK)],,
[Isuzu],[Oasis],[1996–1999],[HD103 (non-transponder)],,,
[Isuzu],[P'Up],[1981–1987],[ISU-1 (non-transponder)],,,
[Isuzu],[Piazza],[1981–1990],[ISU-1 (non-transponder)],,,
[Isuzu],[Rodeo],[1991–2004],[MZ31 (Texas 4C chip,STRATTEC,1998–2004 only)],
[Isuzu],[Rodeo Sport],[2001–2003],[MZ31 (Texas 4C chip,STRATTEC)],,
[Isuzu],[Trooper],[1984–1991],[ISU-1 (non-transponder)],,,
[Isuzu],[Trooper],[1992–2002],[MZ31 (Texas 4C chip,STRATTEC,1998–2002 only)],
[Isuzu],[VehiCROSS],[1999–2001],[MZ31 (Texas 4C chip,STRATTEC)],,
[Kia],[Carnival],[2022–ongoing],[HY22-PT (ID47 chip,STRATTEC)],,
[Kia],[EV6],[2022–ongoing],[Proximity fob (ID47 chip,no traditional transponder)],,
[Kia],[EV9],[2024–ongoing],[Proximity fob (ID47 chip,no traditional transponder)],,
[Kia],[Forte],[2010–2013],[HY20-PT (ID46 chip,STRATTEC)],,
[Kia],[Forte],[2014–2018],[HY22-PT (ID47 chip,STRATTEC)],,
[Kia],[Forte],[2019–ongoing],[HY22-PT (ID47 chip,STRATTEC)],,
[Kia],[K5],[2021–ongoing],[HY22-PT (ID47 chip,STRATTEC)],,
[Kia],[Niro],[2017–2022],[HY22-PT (ID47 chip,STRATTEC)],,
[Kia],[Niro],[2023–ongoing],[HY22-PT (ID47 chip,STRATTEC)],,
[Kia],[Seltos],[2021–ongoing],[HY22-PT (ID47 chip,STRATTEC)],,
[Kia],[Sorento],[2003–2009],[HY18-PT (Texas 4C chip,STRATTEC)],,
[Kia],[Sorento],[2011–2015],[HY20-PT (ID46 chip,STRATTEC)],,
[Kia],[Sorento],[2016–2020],[HY22-PT (ID47 chip,STRATTEC)],,
[Kia],[Sorento],[2021–ongoing],[HY22-PT (ID47 chip,STRATTEC)],,
[Kia],[Soul],[2010–2013],[HY20-PT (ID46 chip,STRATTEC)],,
[Kia],[Soul],[2014–2019],[HY22-PT (ID47 chip,STRATTEC)],,
[Kia],[Soul],[2020–ongoing],[HY22-PT (ID47 chip,STRATTEC)],,
[Kia],[Sportage],[1995–2002],[HY15 (non-transponder)],,,
[Kia],[Sportage],[2005–2010],[HY18-PT (Texas 4C chip,STRATTEC)],,
[Kia],[Sportage],[2011–2016],[HY20-PT (ID46 chip,STRATTEC)],,
[Kia],[Sportage],[2017–2022],[HY22-PT (ID47 chip,STRATTEC)],,
[Kia],[Sportage],[2023–ongoing],[HY22-PT (ID47 chip,STRATTEC)],,
[Kia],[Telluride],[2020–ongoing],[HY22-PT (ID47 chip,STRATTEC)],,
[Lexus],[ES],[1997–2001],[TOY44D-PT (Texas 4C chip,STRATTEC)],,
[Lexus],[ES],[2002–2006],[TOY44G-PT (Texas 4D chip,STRATTEC)],,
[Lexus],[ES],[2007–2012],[TOY44G-PT (Texas 4D chip,STRATTEC)],,
[Lexus],[ES],[2013–2018],[TOY44H-PT (ID-H chip,STRATTEC)],,
[Lexus],[ES],[2019–ongoing],[TOY44H-PT (ID-H chip,STRATTEC)],,
[Lexus],[GX],[2003–2009],[TOY44G-PT (Texas 4D chip,STRATTEC)],,
[Lexus],[GX],[2010–2023],[TOY44H-PT (ID-H chip,STRATTEC)],,
[Lexus],[GX],[2024–ongoing],[TOY44H-PT (ID-H chip,STRATTEC)],,
[Lexus],[IS],[2000–2005],[TOY44D-PT (Texas 4C chip,STRATTEC)],,
[Lexus],[IS],[2006–2013],[TOY44G-PT (Texas 4D chip,STRATTEC)],,
[Lexus],[IS],[2014–2020],[TOY44H-PT (ID-H chip,STRATTEC)],,
[Lexus],[IS],[2021–ongoing],[TOY44H-PT (ID-H chip,STRATTEC)],,
[Lexus],[LC],[2018–ongoing],[TOY44H-PT (ID-H chip,STRATTEC)],,
[Lexus],[LS],[1995–2000],[TOY44D-PT (Texas 4C chip,STRATTEC)],,
[Lexus],[LS],[2001–2006],[TOY44D-PT (Texas 4C chip,STRATTEC)],,
[Lexus],[LS],[2007–2017],[TOY44G-PT (Texas 4D chip,STRATTEC)],,
[Lexus],[LS],[2018–ongoing],[TOY44H-PT (ID-H chip,STRATTEC)],,
[Lexus],[LX],[1996–2007],[TOY44D-PT (Texas 4C chip,STRATTEC)],,
[Lexus],[LX],[2008–2021],[TOY44G-PT (Texas 4D chip,STRATTEC)],,
[Lexus],[LX],[2022–ongoing],[TOY44H-PT (ID-H chip,STRATTEC)],,
[Lexus],[NX],[2015–2021],[TOY44H-PT (ID-H chip,STRATTEC)],,
[Lexus],[NX],[2022–ongoing],[TOY44H-PT (ID-H chip,STRATTEC)],,
[Lexus],[RC],[2015–ongoing],[TOY44H-PT (ID-H chip,STRATTEC)],,
[Lexus],[RX],[1998–2003],[TOY44D-PT (Texas 4C chip,STRATTEC)],,
[Lexus],[RX],[2004–2008],[TOY44G-PT (Texas 4D chip,STRATTEC)],,
[Lexus],[RX],[2009–2015],[TOY44G-PT (Texas 4D chip,STRATTEC)],,
[Lexus],[RX],[2016–2022],[TOY44H-PT (ID-H chip,STRATTEC)],,
[Lexus],[RX],[2023–ongoing],[TOY44H-PT (ID-H chip,STRATTEC)],,
[Lexus],[TX],[2024–ongoing],[TOY44H-PT (ID-H chip,STRATTEC)],,
[Lexus],[UX],[2019–ongoing],[TOY44H-PT (ID-H chip,STRATTEC)],,
[Mazda],[CX-30],[2020–ongoing],[MZ27-PT (ID49 chip,STRATTEC)],,
[Mazda],[CX-5],[2013–2016],[MZ27-PT (ID49 chip,STRATTEC)],,
[Mazda],[CX-5],[2017–ongoing],[MZ27-PT (ID49 chip,STRATTEC)],,
[Mazda],[CX-50],[2023–ongoing],[MZ27-PT (ID49 chip,STRATTEC)],,
[Mazda],[CX-70],[2025–ongoing],[MZ27-PT (ID49 chip,STRATTEC)],,
[Mazda],[CX-90],[2024–ongoing],[MZ27-PT (ID49 chip,STRATTEC)],,
[Mazda],[MX-5 Miata],[1990–1997],[MZ13 (non-transponder)],,,
[Mazda],[MX-5 Miata],[1998–2005],[MZ24-PT (Texas 4C chip,STRATTEC)],,
[Mazda],[MX-5 Miata],[2006–2015],[MZ27-PT (ID49 chip,STRATTEC)],,
[Mazda],[MX-5 Miata],[2016–ongoing],[MZ27-PT (ID49 chip,STRATTEC)],,
[Mazda],[Mazda3],[2004–2008],[MZ24-PT (Texas 4C chip,STRATTEC)],,
[Mazda],[Mazda3],[2009–2013],[MZ27-PT (ID49 chip,STRATTEC)],,
[Mazda],[Mazda3],[2014–2018],[MZ27-PT (ID49 chip,STRATTEC)],,
[Mazda],[Mazda3],[2019–ongoing],[MZ27-PT (ID49 chip,STRATTEC)],,
[Mitsubishi],[Eclipse Cross],[2018–ongoing],[MIT17-PT (ID4A chip,STRATTEC)],,
[Mitsubishi],[Mirage],[2014–ongoing],[MIT17-PT (ID4A chip,STRATTEC)],,
[Mitsubishi],[Outlander],[2003–2006],[MIT8-PT (Texas 4C chip,STRATTEC)],,
[Mitsubishi],[Outlander],[2007–2013],[MIT17-PT (ID4A chip,STRATTEC)],,
[Mitsubishi],[Outlander],[2014–2021],[MIT17-PT (ID4A chip,STRATTEC)],,
[Mitsubishi],[Outlander],[2022–ongoing],[MIT17-PT (ID4A chip,STRATTEC)],,
[Mitsubishi],[Outlander Sport],[2011–2022],[MIT17-PT (ID4A chip,STRATTEC)],,
[Nissan],[Altima],[1993–1997],[DA31 (non-transponder)],,,
[Nissan],[Altima],[1998–2001],[DA34 (Texas 4C chip,STRATTEC)],,
[Nissan],[Altima],[2002–2006],[NI01T (ID46 chip,STRATTEC)],,
[Nissan],[Altima],[2007–2012],[NI04T (ID46 chip,STRATTEC)],,
[Nissan],[Altima],[2013–2018],[NI04T (ID46 chip,STRATTEC)],,
[Nissan],[Altima],[2019–ongoing],[NI04T (ID46 chip,STRATTEC)],,
[Nissan],[Ariya],[2023–ongoing],[Proximity fob (ID46 chip,no traditional transponder)],,
[Nissan],[Armada],[2004–2016],[NI01T (ID46 chip,STRATTEC)],,
[Nissan],[Armada],[2017–ongoing],[NI04T (ID46 chip,STRATTEC)],,
[Nissan],[Frontier],[1998–2004],[DA34 (Texas 4C chip,STRATTEC)],,
[Nissan],[Frontier],[2005–2021],[NI01T (ID46 chip,STRATTEC)],,
[Nissan],[Frontier],[2022–ongoing],[NI04T (ID46 chip,STRATTEC)],,
[Nissan],[Kicks],[2018–ongoing],[NI04T (ID46 chip,STRATTEC)],,
[Nissan],[Leaf],[2011–2017],[NI04T (ID46 chip,STRATTEC)],,
[Nissan],[Leaf],[2018–ongoing],[NI04T (ID46 chip,STRATTEC)],,
[Nissan],[Murano],[2003–2007],[NI01T (ID46 chip,STRATTEC)],,
[Nissan],[Murano],[2009–2014],[NI04T (ID46 chip,STRATTEC)],,
[Nissan],[Murano],[2015–ongoing],[NI04T (ID46 chip,STRATTEC)],,
[Nissan],[Pathfinder],[1996–2004],[DA34 (Texas 4C chip,STRATTEC)],,
[Nissan],[Pathfinder],[2005–2012],[NI01T (ID46 chip,STRATTEC)],,
[Nissan],[Pathfinder],[2013–2020],[NI04T (ID46 chip,STRATTEC)],,
[Nissan],[Pathfinder],[2022–ongoing],[NI04T (ID46 chip,STRATTEC)],,
[Nissan],[Rogue],[2008–2013],[NI01T (ID46 chip,STRATTEC)],,
[Nissan],[Rogue],[2014–2020],[NI04T (ID46 chip,STRATTEC)],,
[Nissan],[Rogue],[2021–ongoing],[NI04T (ID46 chip,STRATTEC)],,
[Nissan],[Sentra],[1995–1999],[DA31 (non-transponder)],,,
[Nissan],[Sentra],[2000–2006],[DA34 (Texas 4C chip,STRATTEC)],,
[Nissan],[Sentra],[2007–2012],[NI01T (ID46 chip,STRATTEC)],,
[Nissan],[Sentra],[2013–2019],[NI04T (ID46 chip,STRATTEC)],,
[Nissan],[Sentra],[2020–ongoing],[NI04T (ID46 chip,STRATTEC)],,
[Nissan],[Titan],[2004–2015],[NI01T (ID46 chip,STRATTEC)],,
[Nissan],[Titan],[2016–ongoing],[NI04T (ID46 chip,STRATTEC)],,
[Nissan],[Versa],[2007–2011],[NI01T (ID46 chip,STRATTEC)],,
[Nissan],[Versa],[2012–2019],[NI04T (ID46 chip,STRATTEC)],,
[Nissan],[Versa],[2020–ongoing],[NI04T (ID46 chip,STRATTEC)],,
[Subaru],[Ascent],[2019–ongoing],[SUB2-PT (ID49 chip,STRATTEC)],,
[Subaru],[BRZ],[2013–2020],[TOY44H-PT (ID-H chip,STRATTEC)],,
[Subaru],[BRZ],[2022–ongoing],[TOY44H-PT (ID-H chip,STRATTEC)],,
[Subaru],[Crosstrek],[2013–2017],[SUB2-PT (ID49 chip,STRATTEC)],,
[Subaru],[Crosstrek],[2018–2023],[SUB2-PT (ID49 chip,STRATTEC)],,
[Subaru],[Crosstrek],[2024–ongoing],[SUB2-PT (ID49 chip,STRATTEC)],,
[Subaru],[Forester],[1998–2002],[SUB1 (non-transponder)],,,
[Subaru],[Forester],[2003–2008],[SUB2-PT (ID49 chip,STRATTEC)],,
[Subaru],[Forester],[2009–2013],[SUB2-PT (ID49 chip,STRATTEC)],,
[Subaru],[Forester],[2014–2018],[SUB2-PT (ID49 chip,STRATTEC)],,
[Subaru],[Forester],[2019–ongoing],[SUB2-PT (ID49 chip,STRATTEC)],,
[Subaru],[Impreza],[1993–2000],[SUB1 (non-transponder)],,,
[Subaru],[Impreza],[2002–2007],[SUB2-PT (ID49 chip,STRATTEC)],,
[Subaru],[Impreza],[2008–2011],[SUB2-PT (ID49 chip,STRATTEC)],,
[Subaru],[Impreza],[2012–2016],[SUB2-PT (ID49 chip,STRATTEC)],,
[Subaru],[Impreza],[2017–ongoing],[SUB2-PT (ID49 chip,STRATTEC)],,
[Subaru],[Legacy],[1995–1999],[SUB1 (non-transponder)],,,
[Subaru],[Legacy],[2000–2004],[SUB2-PT (ID49 chip,STRATTEC)],,
[Subaru],[Legacy],[2005–2009],[SUB2-PT (ID49 chip,STRATTEC)],,
[Subaru],[Legacy],[2010–2014],[SUB2-PT (ID49 chip,STRATTEC)],,
[Subaru],[Legacy],[2015–2019],[SUB2-PT (ID49 chip,STRATTEC)],,
[Subaru],[Legacy],[2020–ongoing],[SUB2-PT (ID49 chip,STRATTEC)],,
[Subaru],[Outback],[1996–1999],[SUB1 (non-transponder)],,,
[Subaru],[Outback],[2000–2004],[SUB2-PT (ID49 chip,STRATTEC)],,
[Subaru],[Outback],[2005–2009],[SUB2-PT (ID49 chip,STRATTEC)],,
[Subaru],[Outback],[2010–2014],[SUB2-PT (ID49 chip,STRATTEC)],,
[Subaru],[Outback],[2015–2019],[SUB2-PT (ID49 chip,STRATTEC)],,
[Subaru],[Outback],[2020–ongoing],[SUB2-PT (ID49 chip,STRATTEC)],,
[Subaru],[Solterra],[2023–ongoing],[TOY44H-PT (ID-H chip,STRATTEC)],,
[Subaru],[WRX],[2002–2007],[SUB2-PT (ID49 chip,STRATTEC)],,
[Subaru],[WRX],[2008–2014],[SUB2-PT (ID49 chip,STRATTEC)],,
[Subaru],[WRX],[2015–2021],[SUB2-PT (ID49 chip,STRATTEC)],,
[Subaru],[WRX],[2022–ongoing],[SUB2-PT (ID49 chip,STRATTEC)],,
[Toyota],[4Runner],[1996–2002],[TOY43AT (non-transponder)],,,
[Toyota],[4Runner],[2003–2009],[TOY44G-PT (Texas 4D chip,STRATTEC)],,
[Toyota],[4Runner],[2010–2024],[TOY44H-PT (ID-H chip,STRATTEC)],,
[Toyota],[4Runner],[2025–ongoing],[TOY44H-PT (ID-H chip,STRATTEC)],,
[Toyota],[bZ4X],[2023–ongoing],[TOY44H-PT (ID-H chip,STRATTEC)],,
[Toyota],[Camry],[1997–2001],[TOY43AT (non-transponder)],,,
[Toyota],[Camry],[2002–2006],[TOY44G-PT (Texas 4D chip,STRATTEC)],,
[Toyota],[Camry],[2007–2011],[TOY44G-PT (Texas 4D chip,STRATTEC)],,
[Toyota],[Camry],[2012–2017],[TOY44H-PT (ID-H chip,STRATTEC)],,
[Toyota],[Camry],[2018–ongoing],[TOY44H-PT (ID-H chip,STRATTEC)],,
[Toyota],[Corolla],[1993–1997],[TOY43AT (non-transponder)],,,
[Toyota],[Corolla],[1998–2002],[TOY44D-PT (Texas 4C chip,STRATTEC)],,
[Toyota],[Corolla],[2003–2008],[TOY44G-PT (Texas 4D chip,STRATTEC)],,
[Toyota],[Corolla],[2009–2013],[TOY44G-PT (Texas 4D chip,STRATTEC)],,
[Toyota],[Corolla],[2014–2019],[TOY44H-PT (ID-H chip,STRATTEC)],,
[Toyota],[Corolla],[2020–ongoing],[TOY44H-PT (ID-H chip,STRATTEC)],,
[Toyota],[Corolla Cross],[2022–ongoing],[TOY44H-PT (ID-H chip,STRATTEC)],,
[Toyota],[Crown],[2023–ongoing],[TOY44H-PT (ID-H chip,STRATTEC)],,
[Toyota],[GR86],[2022–ongoing],[TOY44H-PT (ID-H chip,STRATTEC)],,
[Toyota],[Grand Highlander],[2024–ongoing],[TOY44H-PT (ID-H chip,STRATTEC)],,
[Toyota],[Highlander],[2001–2007],[TOY44D-PT (Texas 4C chip,STRATTEC)],,
[Toyota],[Highlander],[2008–2013],[TOY44G-PT (Texas 4D chip,STRATTEC)],,
[Toyota],[Highlander],[2014–2019],[TOY44H-PT (ID-H chip,STRATTEC)],,
[Toyota],[Highlander],[2020–ongoing],[TOY44H-PT (ID-H chip,STRATTEC)],,
[Toyota],[Land Cruiser],[1998–2007],[TOY44D-PT (Texas 4C chip,STRATTEC)],,
[Toyota],[Land Cruiser],[2008–2021],[TOY44G-PT (Texas 4D chip,STRATTEC)],,
[Toyota],[Land Cruiser],[2024–ongoing],[TOY44H-PT (ID-H chip,STRATTEC)],,
[Toyota],[Prius],[2001–2003],[TOY44D-PT (Texas 4C chip,STRATTEC)],,
[Toyota],[Prius],[2004–2009],[TOY44G-PT (Texas 4D chip,STRATTEC)],,
[Toyota],[Prius],[2010–2015],[TOY44G-PT (Texas 4D chip,STRATTEC)],,
[Toyota],[Prius],[2016–2022],[TOY44H-PT (ID-H chip,STRATTEC)],,
[Toyota],[Prius],[2023–ongoing],[TOY44H-PT (ID-H chip,STRATTEC)],,
[Toyota],[RAV4],[1996–2000],[TOY43AT (non-transponder)],,,
[Toyota],[RAV4],[2001–2005],[TOY44D-PT (Texas 4C chip,STRATTEC)],,
[Toyota],[RAV4],[2006–2012],[TOY44G-PT (Texas 4D chip,STRATTEC)],,
[Toyota],[RAV4],[2013–2018],[TOY44H-PT (ID-H chip,STRATTEC)],,
[Toyota],[RAV4],[2019–ongoing],[TOY44H-PT (ID-H chip,STRATTEC)],,
[Toyota],[Sequoia],[2001–2007],[TOY44D-PT (Texas 4C chip,STRATTEC)],,
[Toyota],[Sequoia],[2008–2022],[TOY44G-PT (Texas 4D chip,STRATTEC)],,
[Toyota],[Sequoia],[2023–ongoing],[TOY44H-PT (ID-H chip,STRATTEC)],,
[Toyota],[Sienna],[1998–2003],[TOY44D-PT (Texas 4C chip,STRATTEC)],,
[Toyota],[Sienna],[2004–2010],[TOY44G-PT (Texas 4D chip,STRATTEC)],,
[Toyota],[Sienna],[2011–2020],[TOY44H-PT (ID-H chip,STRATTEC)],,
[Toyota],[Sienna],[2021–ongoing],[TOY44H-PT (ID-H chip,STRATTEC)],,
[Toyota],[Supra],[2019–ongoing],[TOY44H-PT (ID-H chip,STRATTEC)],,
[Toyota],[Tacoma],[1995–2004],[TOY43AT (non-transponder)],,,
[Toyota],[Tacoma],[2005–2015],[TOY44G-PT (Texas 4D chip,STRATTEC)],,
[Toyota],[Tacoma],[2016–2023],[TOY44H-PT (ID-H chip,STRATTEC)],,
[Toyota],[Tacoma],[2024–ongoing],[TOY44H-PT (ID-H chip,STRATTEC)],,
[Toyota],[Tundra],[2000–2006],[TOY44D-PT (Texas 4C chip,STRATTEC)],,
[Toyota],[Tundra],[2007–2021],[TOY44G-PT (Texas 4D chip,STRATTEC)],,
[Toyota],[Tundra],[2022–ongoing],[TOY44H-PT (ID-H chip,STRATTEC)],,
[Toyota],[Venza],[2009–2015],[TOY44G-PT (Texas 4D chip,STRATTEC)],,
[Toyota],[Venza],[2021–ongoing],[TOY44H-PT (ID-H chip,STRATTEC)],,